[{"model": "contenttypes.contenttype", "pk": 1, "fields": {"app_label": "admin", "model": "logentry"}}, {"model": "contenttypes.contenttype", "pk": 2, "fields": {"app_label": "auth", "model": "permission"}}, {"model": "contenttypes.contenttype", "pk": 3, "fields": {"app_label": "auth", "model": "group"}}, {"model": "contenttypes.contenttype", "pk": 4, "fields": {"app_label": "contenttypes", "model": "contenttype"}}, {"model": "contenttypes.contenttype", "pk": 5, "fields": {"app_label": "sessions", "model": "session"}}, {"model": "contenttypes.contenttype", "pk": 6, "fields": {"app_label": "accounts", "model": "user"}}, {"model": "contenttypes.contenttype", "pk": 7, "fields": {"app_label": "accounts", "model": "usercharacter"}}, {"model": "contenttypes.contenttype", "pk": 8, "fields": {"app_label": "accounts", "model": "usercharactertag"}}, {"model": "contenttypes.contenttype", "pk": 9, "fields": {"app_label": "learning", "model": "character"}}, {"model": "contenttypes.contenttype", "pk": 10, "fields": {"app_label": "learning", "model": "characterset"}}, {"model": "sessions.session", "pk": "bml4grkji32suaon35ogxp94tszbymlk", "fields": {"session_data": "M2E3ZTBkZmJhZDk2YzE4M2U0YjA0YjI2ODZmZWMwNzI5YmFmZDc2YTp7Il9hdXRoX3VzZXJfaWQiOiIxIiwiX2F1dGhfdXNlcl9iYWNrZW5kIjoiZGphbmdvLmNvbnRyaWIuYXV0aC5iYWNrZW5kcy5Nb2RlbEJhY2tlbmQiLCJfYXV0aF91c2VyX2hhc2giOiI5YzhmZjBlZjkyZjM3ZGJiYWFiNmY4NGFiMjE2M2M5ZWFjZjNmNGMzIn0=", "expire_date": "2019-02-09T04:02:48.297Z"}}, {"model": "sessions.session", "pk": "c884yjv6r0b0wmrh73dlg0eefuktxtra", "fields": {"session_data": "MzljMDc0ZWVhNzk5NTVhZDVlNGY1MzgxNWFjYjE1NjAwMDIxOTA4Mjp7Il9hdXRoX3VzZXJfaWQiOiIyIiwiX2F1dGhfdXNlcl9iYWNrZW5kIjoiZGphbmdvLmNvbnRyaWIuYXV0aC5iYWNrZW5kcy5Nb2RlbEJhY2tlbmQiLCJfYXV0aF91c2VyX2hhc2giOiIyNjM2OTA2YmFjYjI1N2FjNTE4NWIwMDNlZGJmNDI3ZTEyZGU5NGM0In0=", "expire_date": "2019-02-07T00:50:55.143Z"}}, {"model": "sessions.session", "pk": "gv8fzet864i9u68f91oz9g0fthdezud7", "fields": {"session_data": "M2E3ZTBkZmJhZDk2YzE4M2U0YjA0YjI2ODZmZWMwNzI5YmFmZDc2YTp7Il9hdXRoX3VzZXJfaWQiOiIxIiwiX2F1dGhfdXNlcl9iYWNrZW5kIjoiZGphbmdvLmNvbnRyaWIuYXV0aC5iYWNrZW5kcy5Nb2RlbEJhY2tlbmQiLCJfYXV0aF91c2VyX2hhc2giOiI5YzhmZjBlZjkyZjM3ZGJiYWFiNmY4NGFiMjE2M2M5ZWFjZjNmNGMzIn0=", "expire_date": "2019-02-07T00:24:37.079Z"}}, {"model": "learning.character", "pk": 1, "fields": {"chinese": "\u7ea2", "english": "red", "definition": "NOTSET", "pinyin": "NOTSET", "audio": "error.mp3", "color_coded_image": "default.jpg", "stroke_order_image": "default.jpg", "mnemonic_image": "default.jpg", "mnemonic_explanation": "NOTSET", "mnemonic_1": null, "mnemonic_2": null, "mnemonic_3": null}}, {"model": "learning.character", "pk": 2, "fields": {"chinese": "\u9ec4", "english": "yellow", "definition": "NOTSET", "pinyin": "NOTSET", "audio": "error.mp3", "color_coded_image": "default.jpg", "stroke_order_image": "default.jpg", "mnemonic_image": "default.jpg", "mnemonic_explanation": "NOTSET", "mnemonic_1": null, "mnemonic_2": null, "mnemonic_3": null}}, {"model": "learning.character", "pk": 3, "fields": {"chinese": "\u84dd", "english": "blue", "definition": "NOTSET", "pinyin": "NOTSET", "audio": "error.mp3", "color_coded_image": "default.jpg", "stroke_order_image": "default.jpg", "mnemonic_image": "default.jpg", "mnemonic_explanation": "NOTSET", "mnemonic_1": null, "mnemonic_2": null, "mnemonic_3": null}}, {"model": "learning.character", "pk": 4, "fields": {"chinese": "\u7eff", "english": "green", "definition": "NOTSET", "pinyin": "NOTSET", "audio": "error.mp3", "color_coded_image": "default.jpg", "stroke_order_image": "default.jpg", "mnemonic_image": "default.jpg", "mnemonic_explanation": "NOTSET", "mnemonic_1": null, "mnemonic_2": null, "mnemonic_3": null}}, {"model": "learning.character", "pk": 5, "fields": {"chinese": "\u9f20", "english": "mouse", "definition": "NOTSET", "pinyin": "NOTSET", "audio": "error.mp3", "color_coded_image": "default.jpg", "stroke_order_image": "default.jpg", "mnemonic_image": "default.jpg", "mnemonic_explanation": "NOTSET", "mnemonic_1": null, "mnemonic_2": null, "mnemonic_3": null}}, {"model": "learning.character", "pk": 6, "fields": {"chinese": "\u725b", "english": "cow", "definition": "NOTSET", "pinyin": "NOTSET", "audio": "error.mp3", "color_coded_image": "default.jpg", "stroke_order_image": "default.jpg", "mnemonic_image": "default.jpg", "mnemonic_explanation": "NOTSET", "mnemonic_1": null, "mnemonic_2": null, "mnemonic_3": null}}, {"model": "learning.character", "pk": 7, "fields": {"chinese": "\u864e", "english": "tiger", "definition": "NOTSET", "pinyin": "NOTSET", "audio": "error.mp3", "color_coded_image": "default.jpg", "stroke_order_image": "default.jpg", "mnemonic_image": "default.jpg", "mnemonic_explanation": "NOTSET", "mnemonic_1": null, "mnemonic_2": null, "mnemonic_3": null}}, {"model": "learning.character", "pk": 8, "fields": {"chinese": "\u9f99", "english": "dragon", "definition": "NOTSET", "pinyin": "NOTSET", "audio": "error.mp3", "color_coded_image": "default.jpg", "stroke_order_image": "default.jpg", "mnemonic_image": "default.jpg", "mnemonic_explanation": "NOTSET", "mnemonic_1": null, "mnemonic_2": null, "mnemonic_3": null}}, {"model": "learning.character", "pk": 9, "fields": {"chinese": "\u4e00", "english": "one", "definition": "NOTSET", "pinyin": "NOTSET", "audio": "error.mp3", "color_coded_image": "default.jpg", "stroke_order_image": "default.jpg", "mnemonic_image": "default.jpg", "mnemonic_explanation": "NOTSET", "mnemonic_1": null, "mnemonic_2": null, "mnemonic_3": null}}, {"model": "learning.character", "pk": 10, "fields": {"chinese": "\u4e8c", "english": "two", "definition": "NOTSET", "pinyin": "NOTSET", "audio": "error.mp3", "color_coded_image": "default.jpg", "stroke_order_image": "default.jpg", "mnemonic_image": "default.jpg", "mnemonic_explanation": "NOTSET", "mnemonic_1": null, "mnemonic_2": null, "mnemonic_3": null}}, {"model": "learning.character", "pk": 11, "fields": {"chinese": "\u4e09", "english": "three", "definition": "NOTSET", "pinyin": "NOTSET", "audio": "error.mp3", "color_coded_image": "default.jpg", "stroke_order_image": "default.jpg", "mnemonic_image": "default.jpg", "mnemonic_explanation": "NOTSET", "mnemonic_1": null, "mnemonic_2": null, "mnemonic_3": null}}, {"model": "learning.character", "pk": 12, "fields": {"chinese": "\u56db", "english": "four", "definition": "NOTSET", "pinyin": "NOTSET", "audio": "error.mp3", "color_coded_image": "default.jpg", "stroke_order_image": "default.jpg", "mnemonic_image": "default.jpg", "mnemonic_explanation": "NOTSET", "mnemonic_1": null, "mnemonic_2": null, "mnemonic_3": null}}, {"model": "learning.character", "pk": 13, "fields": {"chinese": "\u4e0a", "english": "up", "definition": "NOTSET", "pinyin": "NOTSET", "audio": "error.mp3", "color_coded_image": "default.jpg", "stroke_order_image": "default.jpg", "mnemonic_image": "default.jpg", "mnemonic_explanation": "NOTSET", "mnemonic_1": null, "mnemonic_2": null, "mnemonic_3": null}}, {"model": "learning.character", "pk": 14, "fields": {"chinese": "\u4e0b", "english": "down", "definition": "NOTSET", "pinyin": "NOTSET", "audio": "error.mp3", "color_coded_image": "default.jpg", "stroke_order_image": "default.jpg", "mnemonic_image": "default.jpg", "mnemonic_explanation": "NOTSET", "mnemonic_1": null, "mnemonic_2": null, "mnemonic_3": null}}, {"model": "learning.character", "pk": 15, "fields": {"chinese": "\u5de6", "english": "left", "definition": "NOTSET", "pinyin": "NOTSET", "audio": "error.mp3", "color_coded_image": "default.jpg", "stroke_order_image": "default.jpg", "mnemonic_image": "default.jpg", "mnemonic_explanation": "NOTSET", "mnemonic_1": null, "mnemonic_2": null, "mnemonic_3": null}}, {"model": "learning.character", "pk": 16, "fields": {"chinese": "\u53f3", "english": "right", "definition": "NOTSET", "pinyin": "NOTSET", "audio": "error.mp3", "color_coded_image": "default.jpg", "stroke_order_image": "default.jpg", "mnemonic_image": "default.jpg", "mnemonic_explanation": "NOTSET", "mnemonic_1": null, "mnemonic_2": null, "mnemonic_3": null}}, {"model": "learning.character", "pk": 17, "fields": {"chinese": "\u53f3", "english": "rgiht", "definition": "NOTSET", "pinyin": "NOTSET", "audio": "error.mp3", "color_coded_image": "default.jpg", "stroke_order_image": "default.jpg", "mnemonic_image": "default.jpg", "mnemonic_explanation": "NOTSET", "mnemonic_1": null, "mnemonic_2": null, "mnemonic_3": null}}, {"model": "learning.characterset", "pk": 1, "fields": {"name": "colors", "characters": [1, 2, 3, 4]}}, {"model": "learning.characterset", "pk": 2, "fields": {"name": "animals", "characters": [5, 6, 7, 8]}}, {"model": "learning.characterset", "pk": 3, "fields": {"name": "numbers", "characters": [9, 10, 11, 12]}}, {"model": "learning.characterset", "pk": 4, "fields": {"name": "direction", "characters": [13, 14, 15, 16]}}, {"model": "auth.permission", "pk": 1, "fields": {"name": "Can add log entry", "content_type": 1, "codename": "add_logentry"}}, {"model": "auth.permission", "pk": 2, "fields": {"name": "Can change log entry", "content_type": 1, "codename": "change_logentry"}}, {"model": "auth.permission", "pk": 3, "fields": {"name": "Can delete log entry", "content_type": 1, "codename": "delete_logentry"}}, {"model": "auth.permission", "pk": 4, "fields": {"name": "Can view log entry", "content_type": 1, "codename": "view_logentry"}}, {"model": "auth.permission", "pk": 5, "fields": {"name": "Can add permission", "content_type": 2, "codename": "add_permission"}}, {"model": "auth.permission", "pk": 6, "fields": {"name": "Can change permission", "content_type": 2, "codename": "change_permission"}}, {"model": "auth.permission", "pk": 7, "fields": {"name": "Can delete permission", "content_type": 2, "codename": "delete_permission"}}, {"model": "auth.permission", "pk": 8, "fields": {"name": "Can view permission", "content_type": 2, "codename": "view_permission"}}, {"model": "auth.permission", "pk": 9, "fields": {"name": "Can add group", "content_type": 3, "codename": "add_group"}}, {"model": "auth.permission", "pk": 10, "fields": {"name": "Can change group", "content_type": 3, "codename": "change_group"}}, {"model": "auth.permission", "pk": 11, "fields": {"name": "Can delete group", "content_type": 3, "codename": "delete_group"}}, {"model": "auth.permission", "pk": 12, "fields": {"name": "Can view group", "content_type": 3, "codename": "view_group"}}, {"model": "auth.permission", "pk": 13, "fields": {"name": "Can add content type", "content_type": 4, "codename": "add_contenttype"}}, {"model": "auth.permission", "pk": 14, "fields": {"name": "Can change content type", "content_type": 4, "codename": "change_contenttype"}}, {"model": "auth.permission", "pk": 15, "fields": {"name": "Can delete content type", "content_type": 4, "codename": "delete_contenttype"}}, {"model": "auth.permission", "pk": 16, "fields": {"name": "Can view content type", "content_type": 4, "codename": "view_contenttype"}}, {"model": "auth.permission", "pk": 17, "fields": {"name": "Can add session", "content_type": 5, "codename": "add_session"}}, {"model": "auth.permission", "pk": 18, "fields": {"name": "Can change session", "content_type": 5, "codename": "change_session"}}, {"model": "auth.permission", "pk": 19, "fields": {"name": "Can delete session", "content_type": 5, "codename": "delete_session"}}, {"model": "auth.permission", "pk": 20, "fields": {"name": "Can view session", "content_type": 5, "codename": "view_session"}}, {"model": "auth.permission", "pk": 21, "fields": {"name": "Can add user", "content_type": 6, "codename": "add_user"}}, {"model": "auth.permission", "pk": 22, "fields": {"name": "Can change user", "content_type": 6, "codename": "change_user"}}, {"model": "auth.permission", "pk": 23, "fields": {"name": "Can delete user", "content_type": 6, "codename": "delete_user"}}, {"model": "auth.permission", "pk": 24, "fields": {"name": "Can view user", "content_type": 6, "codename": "view_user"}}, {"model": "auth.permission", "pk": 25, "fields": {"name": "Can add user character", "content_type": 7, "codename": "add_usercharacter"}}, {"model": "auth.permission", "pk": 26, "fields": {"name": "Can change user character", "content_type": 7, "codename": "change_usercharacter"}}, {"model": "auth.permission", "pk": 27, "fields": {"name": "Can delete user character", "content_type": 7, "codename": "delete_usercharacter"}}, {"model": "auth.permission", "pk": 28, "fields": {"name": "Can view user character", "content_type": 7, "codename": "view_usercharacter"}}, {"model": "auth.permission", "pk": 29, "fields": {"name": "Can add user character tag", "content_type": 8, "codename": "add_usercharactertag"}}, {"model": "auth.permission", "pk": 30, "fields": {"name": "Can change user character tag", "content_type": 8, "codename": "change_usercharactertag"}}, {"model": "auth.permission", "pk": 31, "fields": {"name": "Can delete user character tag", "content_type": 8, "codename": "delete_usercharactertag"}}, {"model": "auth.permission", "pk": 32, "fields": {"name": "Can view user character tag", "content_type": 8, "codename": "view_usercharactertag"}}, {"model": "auth.permission", "pk": 33, "fields": {"name": "Can add character", "content_type": 9, "codename": "add_character"}}, {"model": "auth.permission", "pk": 34, "fields": {"name": "Can change character", "content_type": 9, "codename": "change_character"}}, {"model": "auth.permission", "pk": 35, "fields": {"name": "Can delete character", "content_type": 9, "codename": "delete_character"}}, {"model": "auth.permission", "pk": 36, "fields": {"name": "Can view character", "content_type": 9, "codename": "view_character"}}, {"model": "auth.permission", "pk": 37, "fields": {"name": "Can add character set", "content_type": 10, "codename": "add_characterset"}}, {"model": "auth.permission", "pk": 38, "fields": {"name": "Can change character set", "content_type": 10, "codename": "change_characterset"}}, {"model": "auth.permission", "pk": 39, "fields": {"name": "Can delete character set", "content_type": 10, "codename": "delete_characterset"}}, {"model": "auth.permission", "pk": 40, "fields": {"name": "Can view character set", "content_type": 10, "codename": "view_characterset"}}, {"model": "accounts.user", "pk": 1, "fields": {"password": "pbkdf2_sha256$120000$jC4fMlhj1Mhx$6F6WkO84pQI2LfzJlG/tuxiVePwiFr+BaGqrd/DXQgs=", "last_login": "2019-01-26T04:02:48.285Z", "is_superuser": true, "username": "chenyx", "first_name": "", "last_name": "", "email": "", "is_staff": true, "is_active": true, "date_joined": "2019-01-13T02:34:54.884Z", "raw_password": "THIS_IS_NOT_RECORDED", "grade": 0, "groups": [], "user_permissions": []}}, {"model": "accounts.user", "pk": 2, "fields": {"password": "pbkdf2_sha256$120000$Y11SF5HLwKzl$e3gmK8zpUqkt2qpFVMKU5qKzJrRmHL+ajePXEA3GkOk=", "last_login": "2019-01-24T00:50:55.132Z", "is_superuser": false, "username": "test1", "first_name": "", "last_name": "", "email": "", "is_staff": false, "is_active": true, "date_joined": "2019-01-13T02:39:34.567Z", "raw_password": "test", "grade": 1, "groups": [], "user_permissions": []}}, {"model": "accounts.user", "pk": 3, "fields": {"password": "pbkdf2_sha256$120000$VFEmHurmkh0W$fhE4rmCtc68ffoUleVs4d9bD9S8dN6QBfSH7OV+6yr4=", "last_login": "2019-01-13T14:11:51.676Z", "is_superuser": false, "username": "test2", "first_name": "", "last_name": "", "email": "", "is_staff": false, "is_active": true, "date_joined": "2019-01-13T14:11:51.288Z", "raw_password": "test", "grade": 2, "groups": [], "user_permissions": []}}, {"model": "accounts.usercharacter", "pk": 14, "fields": {"user": 2, "character": 9, "time_added": "2019-01-13T03:25:29.742Z"}}, {"model": "accounts.usercharacter", "pk": 15, "fields": {"user": 2, "character": 10, "time_added": "2019-01-13T03:25:29.768Z"}}, {"model": "accounts.usercharacter", "pk": 16, "fields": {"user": 2, "character": 11, "time_added": "2019-01-13T03:25:29.791Z"}}, {"model": "accounts.usercharacter", "pk": 19, "fields": {"user": 2, "character": 6, "time_added": "2019-01-13T03:25:32.090Z"}}, {"model": "accounts.usercharacter", "pk": 20, "fields": {"user": 2, "character": 7, "time_added": "2019-01-13T03:25:32.113Z"}}, {"model": "accounts.usercharacter", "pk": 21, "fields": {"user": 2, "character": 8, "time_added": "2019-01-13T03:25:32.140Z"}}, {"model": "accounts.usercharacter", "pk": 22, "fields": {"user": 2, "character": 1, "time_added": "2019-01-13T03:25:53.860Z"}}, {"model": "accounts.usercharacter", "pk": 23, "fields": {"user": 2, "character": 2, "time_added": "2019-01-13T03:25:53.882Z"}}, {"model": "accounts.usercharacter", "pk": 25, "fields": {"user": 2, "character": 4, "time_added": "2019-01-13T03:25:54.081Z"}}, {"model": "accounts.usercharacter", "pk": 27, "fields": {"user": 2, "character": 14, "time_added": "2019-01-13T03:39:00.532Z"}}, {"model": "accounts.usercharacter", "pk": 28, "fields": {"user": 2, "character": 15, "time_added": "2019-01-13T03:39:00.558Z"}}, {"model": "accounts.usercharacter", "pk": 29, "fields": {"user": 2, "character": 16, "time_added": "2019-01-13T03:39:00.583Z"}}, {"model": "accounts.usercharacter", "pk": 30, "fields": {"user": 3, "character": 1, "time_added": "2019-01-13T14:12:24.596Z"}}, {"model": "accounts.usercharacter", "pk": 31, "fields": {"user": 3, "character": 2, "time_added": "2019-01-13T14:12:24.624Z"}}, {"model": "accounts.usercharacter", "pk": 32, "fields": {"user": 3, "character": 3, "time_added": "2019-01-13T14:12:24.644Z"}}, {"model": "accounts.usercharacter", "pk": 33, "fields": {"user": 3, "character": 4, "time_added": "2019-01-13T14:12:24.664Z"}}, {"model": "accounts.usercharacter", "pk": 34, "fields": {"user": 3, "character": 5, "time_added": "2019-01-13T14:12:30.773Z"}}, {"model": "accounts.usercharacter", "pk": 35, "fields": {"user": 3, "character": 6, "time_added": "2019-01-13T14:12:30.797Z"}}, {"model": "accounts.usercharacter", "pk": 36, "fields": {"user": 3, "character": 7, "time_added": "2019-01-13T14:12:30.821Z"}}, {"model": "accounts.usercharacter", "pk": 37, "fields": {"user": 3, "character": 8, "time_added": "2019-01-13T14:12:30.845Z"}}, {"model": "accounts.usercharacter", "pk": 38, "fields": {"user": 3, "character": 13, "time_added": "2019-01-13T14:12:41.179Z"}}, {"model": "accounts.usercharacter", "pk": 39, "fields": {"user": 3, "character": 14, "time_added": "2019-01-13T14:12:41.203Z"}}, {"model": "accounts.usercharacter", "pk": 40, "fields": {"user": 3, "character": 15, "time_added": "2019-01-13T14:12:41.227Z"}}, {"model": "accounts.usercharacter", "pk": 41, "fields": {"user": 3, "character": 16, "time_added": "2019-01-13T14:12:41.255Z"}}, {"model": "accounts.usercharacter", "pk": 42, "fields": {"user": 1, "character": 9, "time_added": "2019-01-24T00:50:25.280Z"}}, {"model": "accounts.usercharacter", "pk": 43, "fields": {"user": 1, "character": 10, "time_added": "2019-01-24T00:50:25.310Z"}}, {"model": "accounts.usercharacter", "pk": 44, "fields": {"user": 1, "character": 11, "time_added": "2019-01-24T00:50:25.332Z"}}, {"model": "accounts.usercharacter", "pk": 45, "fields": {"user": 1, "character": 12, "time_added": "2019-01-24T00:50:25.353Z"}}, {"model": "accounts.usercharacter", "pk": 46, "fields": {"user": 1, "character": 13, "time_added": "2019-01-24T00:50:29.666Z"}}, {"model": "accounts.usercharacter", "pk": 47, "fields": {"user": 1, "character": 14, "time_added": "2019-01-24T00:50:29.690Z"}}, {"model": "accounts.usercharacter", "pk": 48, "fields": {"user": 1, "character": 15, "time_added": "2019-01-24T00:50:29.711Z"}}, {"model": "accounts.usercharacter", "pk": 49, "fields": {"user": 1, "character": 16, "time_added": "2019-01-24T00:50:29.734Z"}}, {"model": "accounts.usercharactertag", "pk": 4, "fields": {"user": 2, "name": "numbers", "is_filtered": false, "user_characters": [14, 15, 16]}}, {"model": "accounts.usercharactertag", "pk": 5, "fields": {"user": 2, "name": "animals", "is_filtered": false, "user_characters": [19, 20, 21]}}, {"model": "accounts.usercharactertag", "pk": 6, "fields": {"user": 2, "name": "colors", "is_filtered": false, "user_characters": [22, 23, 25]}}, {"model": "accounts.usercharactertag", "pk": 7, "fields": {"user": 2, "name": "direction", "is_filtered": false, "user_characters": [27, 28, 29]}}, {"model": "accounts.usercharactertag", "pk": 8, "fields": {"user": 3, "name": "colors", "is_filtered": false, "user_characters": [30, 31, 32, 33]}}, {"model": "accounts.usercharactertag", "pk": 9, "fields": {"user": 3, "name": "animals", "is_filtered": false, "user_characters": [34, 35, 36, 37]}}, {"model": "accounts.usercharactertag", "pk": 10, "fields": {"user": 3, "name": "direction", "is_filtered": false, "user_characters": [38, 39, 40, 41]}}, {"model": "accounts.usercharactertag", "pk": 11, "fields": {"user": 1, "name": "numbers", "is_filtered": true, "user_characters": [42, 43, 44, 45]}}, {"model": "accounts.usercharactertag", "pk": 12, "fields": {"user": 1, "name": "direction", "is_filtered": true, "user_characters": [46, 47, 48, 49]}}, {"model": "admin.logentry", "pk": 1, "fields": {"action_time": "2019-01-13T02:35:39.444Z", "user": 1, "content_type": 9, "object_id": "1", "object_repr": "\u7ea2, red", "action_flag": 1, "change_message": "[{\"added\": {}}]"}}, {"model": "admin.logentry", "pk": 2, "fields": {"action_time": "2019-01-13T02:35:46.357Z", "user": 1, "content_type": 9, "object_id": "2", "object_repr": "\u9ec4, yellow", "action_flag": 1, "change_message": "[{\"added\": {}}]"}}, {"model": "admin.logentry", "pk": 3, "fields": {"action_time": "2019-01-13T02:35:54.697Z", "user": 1, "content_type": 9, "object_id": "3", "object_repr": "\u84dd, blue", "action_flag": 1, "change_message": "[{\"added\": {}}]"}}, {"model": "admin.logentry", "pk": 4, "fields": {"action_time": "2019-01-13T02:36:01.238Z", "user": 1, "content_type": 9, "object_id": "4", "object_repr": "\u7eff, green", "action_flag": 1, "change_message": "[{\"added\": {}}]"}}, {"model": "admin.logentry", "pk": 5, "fields": {"action_time": "2019-01-13T02:36:03.362Z", "user": 1, "content_type": 10, "object_id": "1", "object_repr": "colors", "action_flag": 1, "change_message": "[{\"added\": {}}]"}}, {"model": "admin.logentry", "pk": 6, "fields": {"action_time": "2019-01-13T02:36:23.266Z", "user": 1, "content_type": 9, "object_id": "5", "object_repr": "\u9f20, mouse", "action_flag": 1, "change_message": "[{\"added\": {}}]"}}, {"model": "admin.logentry", "pk": 7, "fields": {"action_time": "2019-01-13T02:36:28.172Z", "user": 1, "content_type": 9, "object_id": "6", "object_repr": "\u725b, cow", "action_flag": 1, "change_message": "[{\"added\": {}}]"}}, {"model": "admin.logentry", "pk": 8, "fields": {"action_time": "2019-01-13T02:36:42.732Z", "user": 1, "content_type": 9, "object_id": "7", "object_repr": "\u864e, tiger", "action_flag": 1, "change_message": "[{\"added\": {}}]"}}, {"model": "admin.logentry", "pk": 9, "fields": {"action_time": "2019-01-13T02:36:50.518Z", "user": 1, "content_type": 9, "object_id": "8", "object_repr": "\u9f99, dragon", "action_flag": 1, "change_message": "[{\"added\": {}}]"}}, {"model": "admin.logentry", "pk": 10, "fields": {"action_time": "2019-01-13T02:36:52.922Z", "user": 1, "content_type": 10, "object_id": "2", "object_repr": "animals", "action_flag": 1, "change_message": "[{\"added\": {}}]"}}, {"model": "admin.logentry", "pk": 11, "fields": {"action_time": "2019-01-13T02:37:01.636Z", "user": 1, "content_type": 9, "object_id": "9", "object_repr": "\u4e00, one", "action_flag": 1, "change_message": "[{\"added\": {}}]"}}, {"model": "admin.logentry", "pk": 12, "fields": {"action_time": "2019-01-13T02:37:07.784Z", "user": 1, "content_type": 9, "object_id": "10", "object_repr": "\u4e8c, two", "action_flag": 1, "change_message": "[{\"added\": {}}]"}}, {"model": "admin.logentry", "pk": 13, "fields": {"action_time": "2019-01-13T02:37:15.690Z", "user": 1, "content_type": 9, "object_id": "11", "object_repr": "\u4e09, three", "action_flag": 1, "change_message": "[{\"added\": {}}]"}}, {"model": "admin.logentry", "pk": 14, "fields": {"action_time": "2019-01-13T02:37:20.070Z", "user": 1, "content_type": 9, "object_id": "12", "object_repr": "\u56db, four", "action_flag": 1, "change_message": "[{\"added\": {}}]"}}, {"model": "admin.logentry", "pk": 15, "fields": {"action_time": "2019-01-13T02:37:23.289Z", "user": 1, "content_type": 10, "object_id": "3", "object_repr": "numbers", "action_flag": 1, "change_message": "[{\"added\": {}}]"}}, {"model": "admin.logentry", "pk": 16, "fields": {"action_time": "2019-01-13T02:41:42.506Z", "user": 1, "content_type": 7, "object_id": "5", "object_repr": "test1, \u7ea2, red", "action_flag": 1, "change_message": "[{\"added\": {}}]"}}, {"model": "admin.logentry", "pk": 17, "fields": {"action_time": "2019-01-13T02:42:41.396Z", "user": 1, "content_type": 7, "object_id": "5", "object_repr": "test1, \u7ea2, red", "action_flag": 3, "change_message": ""}}, {"model": "admin.logentry", "pk": 18, "fields": {"action_time": "2019-01-13T03:25:18.925Z", "user": 1, "content_type": 8, "object_id": "3", "object_repr": "test1,animals", "action_flag": 3, "change_message": ""}}, {"model": "admin.logentry", "pk": 19, "fields": {"action_time": "2019-01-13T03:25:18.968Z", "user": 1, "content_type": 8, "object_id": "2", "object_repr": "test1,numbers", "action_flag": 3, "change_message": ""}}, {"model": "admin.logentry", "pk": 20, "fields": {"action_time": "2019-01-13T03:25:18.978Z", "user": 1, "content_type": 8, "object_id": "1", "object_repr": "test1,colors", "action_flag": 3, "change_message": ""}}, {"model": "admin.logentry", "pk": 21, "fields": {"action_time": "2019-01-13T03:25:25.908Z", "user": 1, "content_type": 7, "object_id": "6", "object_repr": "test1, \u4e00, one", "action_flag": 3, "change_message": ""}}, {"model": "admin.logentry", "pk": 22, "fields": {"action_time": "2019-01-13T03:25:25.940Z", "user": 1, "content_type": 7, "object_id": "7", "object_repr": "test1, \u4e8c, two", "action_flag": 3, "change_message": ""}}, {"model": "admin.logentry", "pk": 23, "fields": {"action_time": "2019-01-13T03:25:25.952Z", "user": 1, "content_type": 7, "object_id": "8", "object_repr": "test1, \u4e09, three", "action_flag": 3, "change_message": ""}}, {"model": "admin.logentry", "pk": 24, "fields": {"action_time": "2019-01-13T03:25:25.965Z", "user": 1, "content_type": 7, "object_id": "9", "object_repr": "test1, \u56db, four", "action_flag": 3, "change_message": ""}}, {"model": "admin.logentry", "pk": 25, "fields": {"action_time": "2019-01-13T03:25:25.976Z", "user": 1, "content_type": 7, "object_id": "10", "object_repr": "test1, \u9f20, mouse", "action_flag": 3, "change_message": ""}}, {"model": "admin.logentry", "pk": 26, "fields": {"action_time": "2019-01-13T03:25:25.987Z", "user": 1, "content_type": 7, "object_id": "11", "object_repr": "test1, \u725b, cow", "action_flag": 3, "change_message": ""}}, {"model": "admin.logentry", "pk": 27, "fields": {"action_time": "2019-01-13T03:25:26.000Z", "user": 1, "content_type": 7, "object_id": "12", "object_repr": "test1, \u864e, tiger", "action_flag": 3, "change_message": ""}}, {"model": "admin.logentry", "pk": 28, "fields": {"action_time": "2019-01-13T03:25:26.024Z", "user": 1, "content_type": 7, "object_id": "13", "object_repr": "test1, \u9f99, dragon", "action_flag": 3, "change_message": ""}}, {"model": "admin.logentry", "pk": 29, "fields": {"action_time": "2019-01-13T03:38:30.669Z", "user": 1, "content_type": 9, "object_id": "13", "object_repr": "\u4e0a, up", "action_flag": 1, "change_message": "[{\"added\": {}}]"}}, {"model": "admin.logentry", "pk": 30, "fields": {"action_time": "2019-01-13T03:38:34.715Z", "user": 1, "content_type": 9, "object_id": "14", "object_repr": "\u4e0b, down", "action_flag": 1, "change_message": "[{\"added\": {}}]"}}, {"model": "admin.logentry", "pk": 31, "fields": {"action_time": "2019-01-13T03:38:39.874Z", "user": 1, "content_type": 9, "object_id": "15", "object_repr": "\u5de6, left", "action_flag": 1, "change_message": "[{\"added\": {}}]"}}, {"model": "admin.logentry", "pk": 32, "fields": {"action_time": "2019-01-13T03:38:46.715Z", "user": 1, "content_type": 9, "object_id": "16", "object_repr": "\u53f3, right", "action_flag": 1, "change_message": "[{\"added\": {}}]"}}, {"model": "admin.logentry", "pk": 33, "fields": {"action_time": "2019-01-13T03:38:49.425Z", "user": 1, "content_type": 10, "object_id": "4", "object_repr": "direction", "action_flag": 1, "change_message": "[{\"added\": {}}]"}}, {"model": "admin.logentry", "pk": 34, "fields": {"action_time": "2019-01-13T14:32:52.892Z", "user": 1, "content_type": 9, "object_id": "17", "object_repr": "\u53f3, rgiht", "action_flag": 1, "change_message": "[{\"added\": {}}]"}}]